[
{"hoverUrl": "https://ss0.bdstatic.com/70cFuHSh_Q1YnxGkpoWK1HF6hhy/it/u=3408585509,2884768893&fm=27&gp=0.jpg", "thumbUrl": "https://ss0.bdstatic.com/70cFuHSh_Q1YnxGkpoWK1HF6hhy/it/u=3408585509,2884768893&fm=27&gp=0.jpg"},
{"hoverUrl": "https://ss1.bdstatic.com/70cFuXSh_Q1YnxGkpoWK1HF6hhy/it/u=1555834120,2068491145&fm=27&gp=0.jpg", "thumbUrl": "https://ss1.bdstatic.com/70cFuXSh_Q1YnxGkpoWK1HF6hhy/it/u=1555834120,2068491145&fm=27&gp=0.jpg"},
{"hoverUrl": "https://ss3.bdstatic.com/70cFv8Sh_Q1YnxGkpoWK1HF6hhy/it/u=674955851,1267473466&fm=27&gp=0.jpg", "thumbUrl": "https://ss3.bdstatic.com/70cFv8Sh_Q1YnxGkpoWK1HF6hhy/it/u=674955851,1267473466&fm=27&gp=0.jpg"},
{"hoverUrl": "https://ss1.bdstatic.com/70cFuXSh_Q1YnxGkpoWK1HF6hhy/it/u=1439272157,255486030&fm=27&gp=0.jpg", "thumbUrl": "https://ss1.bdstatic.com/70cFuXSh_Q1YnxGkpoWK1HF6hhy/it/u=1439272157,255486030&fm=27&gp=0.jpg"},
{"hoverUrl": "https://ss3.bdstatic.com/70cFv8Sh_Q1YnxGkpoWK1HF6hhy/it/u=2332544870,3379618685&fm=27&gp=0.jpg", "thumbUrl": "https://ss3.bdstatic.com/70cFv8Sh_Q1YnxGkpoWK1HF6hhy/it/u=2332544870,3379618685&fm=27&gp=0.jpg"},
{"hoverUrl": "https://ss1.bdstatic.com/70cFvXSh_Q1YnxGkpoWK1HF6hhy/it/u=2818689333,1388404000&fm=27&gp=0.jpg", "thumbUrl": "https://ss1.bdstatic.com/70cFvXSh_Q1YnxGkpoWK1HF6hhy/it/u=2818689333,1388404000&fm=27&gp=0.jpg"},
{"hoverUrl": "https://ss0.bdstatic.com/70cFuHSh_Q1YnxGkpoWK1HF6hhy/it/u=1959599100,2906353424&fm=27&gp=0.jpg", "thumbUrl": "https://ss0.bdstatic.com/70cFuHSh_Q1YnxGkpoWK1HF6hhy/it/u=1959599100,2906353424&fm=27&gp=0.jpg"},
{"hoverUrl": "https://ss3.bdstatic.com/70cFv8Sh_Q1YnxGkpoWK1HF6hhy/it/u=2621532436,1471144397&fm=27&gp=0.jpg", "thumbUrl": "https://ss3.bdstatic.com/70cFv8Sh_Q1YnxGkpoWK1HF6hhy/it/u=2621532436,1471144397&fm=27&gp=0.jpg"},
{"hoverUrl": "https://ss3.bdstatic.com/70cFv8Sh_Q1YnxGkpoWK1HF6hhy/it/u=1551911676,758550201&fm=27&gp=0.jpg", "thumbUrl": "https://ss3.bdstatic.com/70cFv8Sh_Q1YnxGkpoWK1HF6hhy/it/u=1551911676,758550201&fm=27&gp=0.jpg"},
{"hoverUrl": "https://ss2.bdstatic.com/70cFvnSh_Q1YnxGkpoWK1HF6hhy/it/u=216259901,1638771141&fm=27&gp=0.jpg", "thumbUrl": "https://ss2.bdstatic.com/70cFvnSh_Q1YnxGkpoWK1HF6hhy/it/u=216259901,1638771141&fm=27&gp=0.jpg"},
{"hoverUrl": "https://ss1.bdstatic.com/70cFvXSh_Q1YnxGkpoWK1HF6hhy/it/u=2452350852,2003538623&fm=27&gp=0.jpg", "thumbUrl": "https://ss1.bdstatic.com/70cFvXSh_Q1YnxGkpoWK1HF6hhy/it/u=2452350852,2003538623&fm=27&gp=0.jpg"},
{"hoverUrl": "https://ss1.bdstatic.com/70cFvXSh_Q1YnxGkpoWK1HF6hhy/it/u=2599835704,405467055&fm=27&gp=0.jpg", "thumbUrl": "https://ss1.bdstatic.com/70cFvXSh_Q1YnxGkpoWK1HF6hhy/it/u=2599835704,405467055&fm=27&gp=0.jpg"},
{"hoverUrl": "https://ss0.bdstatic.com/70cFuHSh_Q1YnxGkpoWK1HF6hhy/it/u=3076153507,2051058895&fm=27&gp=0.jpg", "thumbUrl": "https://ss0.bdstatic.com/70cFuHSh_Q1YnxGkpoWK1HF6hhy/it/u=3076153507,2051058895&fm=27&gp=0.jpg"},
{"hoverUrl": "https://ss2.bdstatic.com/70cFvnSh_Q1YnxGkpoWK1HF6hhy/it/u=239217754,3726891796&fm=27&gp=0.jpg", "thumbUrl": "https://ss2.bdstatic.com/70cFvnSh_Q1YnxGkpoWK1HF6hhy/it/u=239217754,3726891796&fm=27&gp=0.jpg"},
{"hoverUrl": "https://ss3.bdstatic.com/70cFv8Sh_Q1YnxGkpoWK1HF6hhy/it/u=3370494682,2419662099&fm=27&gp=0.jpg", "thumbUrl": "https://ss3.bdstatic.com/70cFv8Sh_Q1YnxGkpoWK1HF6hhy/it/u=3370494682,2419662099&fm=27&gp=0.jpg"},
{"hoverUrl": "https://ss0.bdstatic.com/70cFuHSh_Q1YnxGkpoWK1HF6hhy/it/u=2249859172,1549945326&fm=27&gp=0.jpg", "thumbUrl": "https://ss0.bdstatic.com/70cFuHSh_Q1YnxGkpoWK1HF6hhy/it/u=2249859172,1549945326&fm=27&gp=0.jpg"},
{"hoverUrl": "https://ss3.bdstatic.com/70cFv8Sh_Q1YnxGkpoWK1HF6hhy/it/u=225205620,2581906509&fm=27&gp=0.jpg", "thumbUrl": "https://ss3.bdstatic.com/70cFv8Sh_Q1YnxGkpoWK1HF6hhy/it/u=225205620,2581906509&fm=27&gp=0.jpg"},
{"hoverUrl": "https://ss0.bdstatic.com/70cFuHSh_Q1YnxGkpoWK1HF6hhy/it/u=1797370712,495438086&fm=27&gp=0.jpg", "thumbUrl": "https://ss0.bdstatic.com/70cFuHSh_Q1YnxGkpoWK1HF6hhy/it/u=1797370712,495438086&fm=27&gp=0.jpg"},
{"hoverUrl": "https://ss0.bdstatic.com/70cFvHSh_Q1YnxGkpoWK1HF6hhy/it/u=2565322911,1934201161&fm=27&gp=0.jpg", "thumbUrl": "https://ss0.bdstatic.com/70cFvHSh_Q1YnxGkpoWK1HF6hhy/it/u=2565322911,1934201161&fm=27&gp=0.jpg"},
{"hoverUrl": "https://ss1.bdstatic.com/70cFvXSh_Q1YnxGkpoWK1HF6hhy/it/u=1398816797,2670397280&fm=27&gp=0.jpg", "thumbUrl": "https://ss1.bdstatic.com/70cFvXSh_Q1YnxGkpoWK1HF6hhy/it/u=1398816797,2670397280&fm=27&gp=0.jpg"},
{"hoverUrl": "https://ss1.bdstatic.com/70cFuXSh_Q1YnxGkpoWK1HF6hhy/it/u=1215093746,4260201811&fm=27&gp=0.jpg", "thumbUrl": "https://ss1.bdstatic.com/70cFuXSh_Q1YnxGkpoWK1HF6hhy/it/u=1215093746,4260201811&fm=27&gp=0.jpg"},
{"hoverUrl": "https://ss1.bdstatic.com/70cFvXSh_Q1YnxGkpoWK1HF6hhy/it/u=689901577,1948274148&fm=27&gp=0.jpg", "thumbUrl": "https://ss1.bdstatic.com/70cFvXSh_Q1YnxGkpoWK1HF6hhy/it/u=689901577,1948274148&fm=27&gp=0.jpg"},
{"hoverUrl": "https://ss1.bdstatic.com/70cFuXSh_Q1YnxGkpoWK1HF6hhy/it/u=2905920347,3063577660&fm=27&gp=0.jpg", "thumbUrl": "https://ss1.bdstatic.com/70cFuXSh_Q1YnxGkpoWK1HF6hhy/it/u=2905920347,3063577660&fm=27&gp=0.jpg"},
{"hoverUrl": "https://ss0.bdstatic.com/70cFuHSh_Q1YnxGkpoWK1HF6hhy/it/u=3215423807,1345168785&fm=27&gp=0.jpg", "thumbUrl": "https://ss0.bdstatic.com/70cFuHSh_Q1YnxGkpoWK1HF6hhy/it/u=3215423807,1345168785&fm=27&gp=0.jpg"},
{"hoverUrl": "https://ss2.bdstatic.com/70cFvnSh_Q1YnxGkpoWK1HF6hhy/it/u=150941992,3456797926&fm=27&gp=0.jpg", "thumbUrl": "https://ss2.bdstatic.com/70cFvnSh_Q1YnxGkpoWK1HF6hhy/it/u=150941992,3456797926&fm=27&gp=0.jpg"},
{"hoverUrl": "https://ss1.bdstatic.com/70cFvXSh_Q1YnxGkpoWK1HF6hhy/it/u=1898386647,68176696&fm=27&gp=0.jpg", "thumbUrl": "https://ss1.bdstatic.com/70cFvXSh_Q1YnxGkpoWK1HF6hhy/it/u=1898386647,68176696&fm=27&gp=0.jpg"},
{"hoverUrl": "https://ss0.bdstatic.com/70cFvHSh_Q1YnxGkpoWK1HF6hhy/it/u=3615743478,306619908&fm=27&gp=0.jpg", "thumbUrl": "https://ss0.bdstatic.com/70cFvHSh_Q1YnxGkpoWK1HF6hhy/it/u=3615743478,306619908&fm=27&gp=0.jpg"},
{"hoverUrl": "https://ss1.bdstatic.com/70cFvXSh_Q1YnxGkpoWK1HF6hhy/it/u=2896180341,3734842454&fm=27&gp=0.jpg", "thumbUrl": "https://ss1.bdstatic.com/70cFvXSh_Q1YnxGkpoWK1HF6hhy/it/u=2896180341,3734842454&fm=27&gp=0.jpg"},
{"hoverUrl": "https://ss0.bdstatic.com/70cFvHSh_Q1YnxGkpoWK1HF6hhy/it/u=2874028540,3321913512&fm=27&gp=0.jpg", "thumbUrl": "https://ss0.bdstatic.com/70cFvHSh_Q1YnxGkpoWK1HF6hhy/it/u=2874028540,3321913512&fm=27&gp=0.jpg"},
{"hoverUrl": "https://ss0.bdstatic.com/70cFuHSh_Q1YnxGkpoWK1HF6hhy/it/u=528924425,2138596955&fm=27&gp=0.jpg", "thumbUrl": "https://ss0.bdstatic.com/70cFuHSh_Q1YnxGkpoWK1HF6hhy/it/u=528924425,2138596955&fm=27&gp=0.jpg"}
][
{"hoverUrl": "https://ss0.bdstatic.com/70cFuHSh_Q1YnxGkpoWK1HF6hhy/it/u=3408585509,2884768893&fm=27&gp=0.jpg", "thumbUrl": "https://ss0.bdstatic.com/70cFuHSh_Q1YnxGkpoWK1HF6hhy/it/u=3408585509,2884768893&fm=27&gp=0.jpg"},
{"hoverUrl": "https://ss1.bdstatic.com/70cFuXSh_Q1YnxGkpoWK1HF6hhy/it/u=1555834120,2068491145&fm=27&gp=0.jpg", "thumbUrl": "https://ss1.bdstatic.com/70cFuXSh_Q1YnxGkpoWK1HF6hhy/it/u=1555834120,2068491145&fm=27&gp=0.jpg"},
{"hoverUrl": "https://ss3.bdstatic.com/70cFv8Sh_Q1YnxGkpoWK1HF6hhy/it/u=674955851,1267473466&fm=27&gp=0.jpg", "thumbUrl": "https://ss3.bdstatic.com/70cFv8Sh_Q1YnxGkpoWK1HF6hhy/it/u=674955851,1267473466&fm=27&gp=0.jpg"},
{"hoverUrl": "https://ss1.bdstatic.com/70cFuXSh_Q1YnxGkpoWK1HF6hhy/it/u=1439272157,255486030&fm=27&gp=0.jpg", "thumbUrl": "https://ss1.bdstatic.com/70cFuXSh_Q1YnxGkpoWK1HF6hhy/it/u=1439272157,255486030&fm=27&gp=0.jpg"},
{"hoverUrl": "https://ss3.bdstatic.com/70cFv8Sh_Q1YnxGkpoWK1HF6hhy/it/u=2332544870,3379618685&fm=27&gp=0.jpg", "thumbUrl": "https://ss3.bdstatic.com/70cFv8Sh_Q1YnxGkpoWK1HF6hhy/it/u=2332544870,3379618685&fm=27&gp=0.jpg"},
{"hoverUrl": "https://ss1.bdstatic.com/70cFvXSh_Q1YnxGkpoWK1HF6hhy/it/u=2818689333,1388404000&fm=27&gp=0.jpg", "thumbUrl": "https://ss1.bdstatic.com/70cFvXSh_Q1YnxGkpoWK1HF6hhy/it/u=2818689333,1388404000&fm=27&gp=0.jpg"},
{"hoverUrl": "https://ss0.bdstatic.com/70cFuHSh_Q1YnxGkpoWK1HF6hhy/it/u=1959599100,2906353424&fm=27&gp=0.jpg", "thumbUrl": "https://ss0.bdstatic.com/70cFuHSh_Q1YnxGkpoWK1HF6hhy/it/u=1959599100,2906353424&fm=27&gp=0.jpg"},
{"hoverUrl": "https://ss3.bdstatic.com/70cFv8Sh_Q1YnxGkpoWK1HF6hhy/it/u=2621532436,1471144397&fm=27&gp=0.jpg", "thumbUrl": "https://ss3.bdstatic.com/70cFv8Sh_Q1YnxGkpoWK1HF6hhy/it/u=2621532436,1471144397&fm=27&gp=0.jpg"},
{"hoverUrl": "https://ss3.bdstatic.com/70cFv8Sh_Q1YnxGkpoWK1HF6hhy/it/u=1551911676,758550201&fm=27&gp=0.jpg", "thumbUrl": "https://ss3.bdstatic.com/70cFv8Sh_Q1YnxGkpoWK1HF6hhy/it/u=1551911676,758550201&fm=27&gp=0.jpg"},
{"hoverUrl": "https://ss2.bdstatic.com/70cFvnSh_Q1YnxGkpoWK1HF6hhy/it/u=216259901,1638771141&fm=27&gp=0.jpg", "thumbUrl": "https://ss2.bdstatic.com/70cFvnSh_Q1YnxGkpoWK1HF6hhy/it/u=216259901,1638771141&fm=27&gp=0.jpg"},
{"hoverUrl": "https://ss1.bdstatic.com/70cFvXSh_Q1YnxGkpoWK1HF6hhy/it/u=2452350852,2003538623&fm=27&gp=0.jpg", "thumbUrl": "https://ss1.bdstatic.com/70cFvXSh_Q1YnxGkpoWK1HF6hhy/it/u=2452350852,2003538623&fm=27&gp=0.jpg"},
{"hoverUrl": "https://ss1.bdstatic.com/70cFvXSh_Q1YnxGkpoWK1HF6hhy/it/u=2599835704,405467055&fm=27&gp=0.jpg", "thumbUrl": "https://ss1.bdstatic.com/70cFvXSh_Q1YnxGkpoWK1HF6hhy/it/u=2599835704,405467055&fm=27&gp=0.jpg"},
{"hoverUrl": "https://ss0.bdstatic.com/70cFuHSh_Q1YnxGkpoWK1HF6hhy/it/u=3076153507,2051058895&fm=27&gp=0.jpg", "thumbUrl": "https://ss0.bdstatic.com/70cFuHSh_Q1YnxGkpoWK1HF6hhy/it/u=3076153507,2051058895&fm=27&gp=0.jpg"},
{"hoverUrl": "https://ss2.bdstatic.com/70cFvnSh_Q1YnxGkpoWK1HF6hhy/it/u=239217754,3726891796&fm=27&gp=0.jpg", "thumbUrl": "https://ss2.bdstatic.com/70cFvnSh_Q1YnxGkpoWK1HF6hhy/it/u=239217754,3726891796&fm=27&gp=0.jpg"},
{"hoverUrl": "https://ss3.bdstatic.com/70cFv8Sh_Q1YnxGkpoWK1HF6hhy/it/u=3370494682,2419662099&fm=27&gp=0.jpg", "thumbUrl": "https://ss3.bdstatic.com/70cFv8Sh_Q1YnxGkpoWK1HF6hhy/it/u=3370494682,2419662099&fm=27&gp=0.jpg"},
{"hoverUrl": "https://ss0.bdstatic.com/70cFuHSh_Q1YnxGkpoWK1HF6hhy/it/u=2249859172,1549945326&fm=27&gp=0.jpg", "thumbUrl": "https://ss0.bdstatic.com/70cFuHSh_Q1YnxGkpoWK1HF6hhy/it/u=2249859172,1549945326&fm=27&gp=0.jpg"},
{"hoverUrl": "https://ss3.bdstatic.com/70cFv8Sh_Q1YnxGkpoWK1HF6hhy/it/u=225205620,2581906509&fm=27&gp=0.jpg", "thumbUrl": "https://ss3.bdstatic.com/70cFv8Sh_Q1YnxGkpoWK1HF6hhy/it/u=225205620,2581906509&fm=27&gp=0.jpg"},
{"hoverUrl": "https://ss0.bdstatic.com/70cFuHSh_Q1YnxGkpoWK1HF6hhy/it/u=1797370712,495438086&fm=27&gp=0.jpg", "thumbUrl": "https://ss0.bdstatic.com/70cFuHSh_Q1YnxGkpoWK1HF6hhy/it/u=1797370712,495438086&fm=27&gp=0.jpg"},
{"hoverUrl": "https://ss0.bdstatic.com/70cFvHSh_Q1YnxGkpoWK1HF6hhy/it/u=2565322911,1934201161&fm=27&gp=0.jpg", "thumbUrl": "https://ss0.bdstatic.com/70cFvHSh_Q1YnxGkpoWK1HF6hhy/it/u=2565322911,1934201161&fm=27&gp=0.jpg"},
{"hoverUrl": "https://ss1.bdstatic.com/70cFvXSh_Q1YnxGkpoWK1HF6hhy/it/u=1398816797,2670397280&fm=27&gp=0.jpg", "thumbUrl": "https://ss1.bdstatic.com/70cFvXSh_Q1YnxGkpoWK1HF6hhy/it/u=1398816797,2670397280&fm=27&gp=0.jpg"},
{"hoverUrl": "https://ss1.bdstatic.com/70cFuXSh_Q1YnxGkpoWK1HF6hhy/it/u=1215093746,4260201811&fm=27&gp=0.jpg", "thumbUrl": "https://ss1.bdstatic.com/70cFuXSh_Q1YnxGkpoWK1HF6hhy/it/u=1215093746,4260201811&fm=27&gp=0.jpg"},
{"hoverUrl": "https://ss1.bdstatic.com/70cFvXSh_Q1YnxGkpoWK1HF6hhy/it/u=689901577,1948274148&fm=27&gp=0.jpg", "thumbUrl": "https://ss1.bdstatic.com/70cFvXSh_Q1YnxGkpoWK1HF6hhy/it/u=689901577,1948274148&fm=27&gp=0.jpg"},
{"hoverUrl": "https://ss1.bdstatic.com/70cFuXSh_Q1YnxGkpoWK1HF6hhy/it/u=2905920347,3063577660&fm=27&gp=0.jpg", "thumbUrl": "https://ss1.bdstatic.com/70cFuXSh_Q1YnxGkpoWK1HF6hhy/it/u=2905920347,3063577660&fm=27&gp=0.jpg"},
{"hoverUrl": "https://ss0.bdstatic.com/70cFuHSh_Q1YnxGkpoWK1HF6hhy/it/u=3215423807,1345168785&fm=27&gp=0.jpg", "thumbUrl": "https://ss0.bdstatic.com/70cFuHSh_Q1YnxGkpoWK1HF6hhy/it/u=3215423807,1345168785&fm=27&gp=0.jpg"},
{"hoverUrl": "https://ss2.bdstatic.com/70cFvnSh_Q1YnxGkpoWK1HF6hhy/it/u=150941992,3456797926&fm=27&gp=0.jpg", "thumbUrl": "https://ss2.bdstatic.com/70cFvnSh_Q1YnxGkpoWK1HF6hhy/it/u=150941992,3456797926&fm=27&gp=0.jpg"},
{"hoverUrl": "https://ss1.bdstatic.com/70cFvXSh_Q1YnxGkpoWK1HF6hhy/it/u=1898386647,68176696&fm=27&gp=0.jpg", "thumbUrl": "https://ss1.bdstatic.com/70cFvXSh_Q1YnxGkpoWK1HF6hhy/it/u=1898386647,68176696&fm=27&gp=0.jpg"},
{"hoverUrl": "https://ss0.bdstatic.com/70cFvHSh_Q1YnxGkpoWK1HF6hhy/it/u=3615743478,306619908&fm=27&gp=0.jpg", "thumbUrl": "https://ss0.bdstatic.com/70cFvHSh_Q1YnxGkpoWK1HF6hhy/it/u=3615743478,306619908&fm=27&gp=0.jpg"},
{"hoverUrl": "https://ss1.bdstatic.com/70cFvXSh_Q1YnxGkpoWK1HF6hhy/it/u=2896180341,3734842454&fm=27&gp=0.jpg", "thumbUrl": "https://ss1.bdstatic.com/70cFvXSh_Q1YnxGkpoWK1HF6hhy/it/u=2896180341,3734842454&fm=27&gp=0.jpg"},
{"hoverUrl": "https://ss0.bdstatic.com/70cFvHSh_Q1YnxGkpoWK1HF6hhy/it/u=2874028540,3321913512&fm=27&gp=0.jpg", "thumbUrl": "https://ss0.bdstatic.com/70cFvHSh_Q1YnxGkpoWK1HF6hhy/it/u=2874028540,3321913512&fm=27&gp=0.jpg"},
{"hoverUrl": "https://ss0.bdstatic.com/70cFuHSh_Q1YnxGkpoWK1HF6hhy/it/u=528924425,2138596955&fm=27&gp=0.jpg", "thumbUrl": "https://ss0.bdstatic.com/70cFuHSh_Q1YnxGkpoWK1HF6hhy/it/u=528924425,2138596955&fm=27&gp=0.jpg"}
][
{"hoverUrl": "https://ss2.bdstatic.com/70cFvnSh_Q1YnxGkpoWK1HF6hhy/it/u=4010145764,3898416988&fm=27&gp=0.jpg", "thumbUrl": "https://ss2.bdstatic.com/70cFvnSh_Q1YnxGkpoWK1HF6hhy/it/u=4010145764,3898416988&fm=27&gp=0.jpg"},
{"hoverUrl": "https://ss1.bdstatic.com/70cFvXSh_Q1YnxGkpoWK1HF6hhy/it/u=1156922705,1464239906&fm=27&gp=0.jpg", "thumbUrl": "https://ss1.bdstatic.com/70cFvXSh_Q1YnxGkpoWK1HF6hhy/it/u=1156922705,1464239906&fm=27&gp=0.jpg"},
{"hoverUrl": "https://ss1.bdstatic.com/70cFvXSh_Q1YnxGkpoWK1HF6hhy/it/u=3148805799,2479862354&fm=27&gp=0.jpg", "thumbUrl": "https://ss1.bdstatic.com/70cFvXSh_Q1YnxGkpoWK1HF6hhy/it/u=3148805799,2479862354&fm=27&gp=0.jpg"},
{"hoverUrl": "https://ss3.bdstatic.com/70cFv8Sh_Q1YnxGkpoWK1HF6hhy/it/u=4044561245,2817601202&fm=27&gp=0.jpg", "thumbUrl": "https://ss3.bdstatic.com/70cFv8Sh_Q1YnxGkpoWK1HF6hhy/it/u=4044561245,2817601202&fm=27&gp=0.jpg"},
{"hoverUrl": "https://ss1.bdstatic.com/70cFuXSh_Q1YnxGkpoWK1HF6hhy/it/u=1439272157,255486030&fm=27&gp=0.jpg", "thumbUrl": "https://ss1.bdstatic.com/70cFuXSh_Q1YnxGkpoWK1HF6hhy/it/u=1439272157,255486030&fm=27&gp=0.jpg"},
{"hoverUrl": "https://ss3.bdstatic.com/70cFv8Sh_Q1YnxGkpoWK1HF6hhy/it/u=674955851,1267473466&fm=27&gp=0.jpg", "thumbUrl": "https://ss3.bdstatic.com/70cFv8Sh_Q1YnxGkpoWK1HF6hhy/it/u=674955851,1267473466&fm=27&gp=0.jpg"},
{"hoverUrl": "https://ss3.bdstatic.com/70cFv8Sh_Q1YnxGkpoWK1HF6hhy/it/u=2621532436,1471144397&fm=27&gp=0.jpg", "thumbUrl": "https://ss3.bdstatic.com/70cFv8Sh_Q1YnxGkpoWK1HF6hhy/it/u=2621532436,1471144397&fm=27&gp=0.jpg"},
{"hoverUrl": "https://ss1.bdstatic.com/70cFvXSh_Q1YnxGkpoWK1HF6hhy/it/u=379460338,3225743763&fm=27&gp=0.jpg", "thumbUrl": "https://ss1.bdstatic.com/70cFvXSh_Q1YnxGkpoWK1HF6hhy/it/u=379460338,3225743763&fm=27&gp=0.jpg"},
{"hoverUrl": "https://ss1.bdstatic.com/70cFvXSh_Q1YnxGkpoWK1HF6hhy/it/u=2818689333,1388404000&fm=27&gp=0.jpg", "thumbUrl": "https://ss1.bdstatic.com/70cFvXSh_Q1YnxGkpoWK1HF6hhy/it/u=2818689333,1388404000&fm=27&gp=0.jpg"},
{"hoverUrl": "https://ss3.bdstatic.com/70cFv8Sh_Q1YnxGkpoWK1HF6hhy/it/u=2332544870,3379618685&fm=27&gp=0.jpg", "thumbUrl": "https://ss3.bdstatic.com/70cFv8Sh_Q1YnxGkpoWK1HF6hhy/it/u=2332544870,3379618685&fm=27&gp=0.jpg"},
{"hoverUrl": "https://ss0.bdstatic.com/70cFuHSh_Q1YnxGkpoWK1HF6hhy/it/u=3408585509,2884768893&fm=27&gp=0.jpg", "thumbUrl": "https://ss0.bdstatic.com/70cFuHSh_Q1YnxGkpoWK1HF6hhy/it/u=3408585509,2884768893&fm=27&gp=0.jpg"},
{"hoverUrl": "https://ss2.bdstatic.com/70cFvnSh_Q1YnxGkpoWK1HF6hhy/it/u=751354593,230833853&fm=27&gp=0.jpg", "thumbUrl": "https://ss2.bdstatic.com/70cFvnSh_Q1YnxGkpoWK1HF6hhy/it/u=751354593,230833853&fm=27&gp=0.jpg"},
{"hoverUrl": "https://ss1.bdstatic.com/70cFvXSh_Q1YnxGkpoWK1HF6hhy/it/u=2599835704,405467055&fm=27&gp=0.jpg", "thumbUrl": "https://ss1.bdstatic.com/70cFvXSh_Q1YnxGkpoWK1HF6hhy/it/u=2599835704,405467055&fm=27&gp=0.jpg"},
{"hoverUrl": "https://ss0.bdstatic.com/70cFuHSh_Q1YnxGkpoWK1HF6hhy/it/u=1959599100,2906353424&fm=27&gp=0.jpg", "thumbUrl": "https://ss0.bdstatic.com/70cFuHSh_Q1YnxGkpoWK1HF6hhy/it/u=1959599100,2906353424&fm=27&gp=0.jpg"},
{"hoverUrl": "https://ss2.bdstatic.com/70cFvnSh_Q1YnxGkpoWK1HF6hhy/it/u=216259901,1638771141&fm=27&gp=0.jpg", "thumbUrl": "https://ss2.bdstatic.com/70cFvnSh_Q1YnxGkpoWK1HF6hhy/it/u=216259901,1638771141&fm=27&gp=0.jpg"},
{"hoverUrl": "https://ss3.bdstatic.com/70cFv8Sh_Q1YnxGkpoWK1HF6hhy/it/u=225205620,2581906509&fm=27&gp=0.jpg", "thumbUrl": "https://ss3.bdstatic.com/70cFv8Sh_Q1YnxGkpoWK1HF6hhy/it/u=225205620,2581906509&fm=27&gp=0.jpg"},
{"hoverUrl": "https://ss3.bdstatic.com/70cFv8Sh_Q1YnxGkpoWK1HF6hhy/it/u=1551911676,758550201&fm=27&gp=0.jpg", "thumbUrl": "https://ss3.bdstatic.com/70cFv8Sh_Q1YnxGkpoWK1HF6hhy/it/u=1551911676,758550201&fm=27&gp=0.jpg"},
{"hoverUrl": "https://ss1.bdstatic.com/70cFvXSh_Q1YnxGkpoWK1HF6hhy/it/u=2452350852,2003538623&fm=27&gp=0.jpg", "thumbUrl": "https://ss1.bdstatic.com/70cFvXSh_Q1YnxGkpoWK1HF6hhy/it/u=2452350852,2003538623&fm=27&gp=0.jpg"},
{"hoverUrl": "https://ss0.bdstatic.com/70cFvHSh_Q1YnxGkpoWK1HF6hhy/it/u=2565322911,1934201161&fm=27&gp=0.jpg", "thumbUrl": "https://ss0.bdstatic.com/70cFvHSh_Q1YnxGkpoWK1HF6hhy/it/u=2565322911,1934201161&fm=27&gp=0.jpg"},
{"hoverUrl": "https://ss0.bdstatic.com/70cFuHSh_Q1YnxGkpoWK1HF6hhy/it/u=3076153507,2051058895&fm=27&gp=0.jpg", "thumbUrl": "https://ss0.bdstatic.com/70cFuHSh_Q1YnxGkpoWK1HF6hhy/it/u=3076153507,2051058895&fm=27&gp=0.jpg"},
{"hoverUrl": "https://ss2.bdstatic.com/70cFvnSh_Q1YnxGkpoWK1HF6hhy/it/u=239217754,3726891796&fm=27&gp=0.jpg", "thumbUrl": "https://ss2.bdstatic.com/70cFvnSh_Q1YnxGkpoWK1HF6hhy/it/u=239217754,3726891796&fm=27&gp=0.jpg"},
{"hoverUrl": "https://ss0.bdstatic.com/70cFuHSh_Q1YnxGkpoWK1HF6hhy/it/u=1797370712,495438086&fm=27&gp=0.jpg", "thumbUrl": "https://ss0.bdstatic.com/70cFuHSh_Q1YnxGkpoWK1HF6hhy/it/u=1797370712,495438086&fm=27&gp=0.jpg"},
{"hoverUrl": "https://ss3.bdstatic.com/70cFv8Sh_Q1YnxGkpoWK1HF6hhy/it/u=3370494682,2419662099&fm=27&gp=0.jpg", "thumbUrl": "https://ss3.bdstatic.com/70cFv8Sh_Q1YnxGkpoWK1HF6hhy/it/u=3370494682,2419662099&fm=27&gp=0.jpg"},
{"hoverUrl": "https://ss0.bdstatic.com/70cFuHSh_Q1YnxGkpoWK1HF6hhy/it/u=3215423807,1345168785&fm=27&gp=0.jpg", "thumbUrl": "https://ss0.bdstatic.com/70cFuHSh_Q1YnxGkpoWK1HF6hhy/it/u=3215423807,1345168785&fm=27&gp=0.jpg"},
{"hoverUrl": "https://ss1.bdstatic.com/70cFvXSh_Q1YnxGkpoWK1HF6hhy/it/u=689901577,1948274148&fm=27&gp=0.jpg", "thumbUrl": "https://ss1.bdstatic.com/70cFvXSh_Q1YnxGkpoWK1HF6hhy/it/u=689901577,1948274148&fm=27&gp=0.jpg"},
{"hoverUrl": "https://ss0.bdstatic.com/70cFuHSh_Q1YnxGkpoWK1HF6hhy/it/u=2249859172,1549945326&fm=27&gp=0.jpg", "thumbUrl": "https://ss0.bdstatic.com/70cFuHSh_Q1YnxGkpoWK1HF6hhy/it/u=2249859172,1549945326&fm=27&gp=0.jpg"},
{"hoverUrl": "https://ss0.bdstatic.com/70cFvHSh_Q1YnxGkpoWK1HF6hhy/it/u=2874028540,3321913512&fm=27&gp=0.jpg", "thumbUrl": "https://ss0.bdstatic.com/70cFvHSh_Q1YnxGkpoWK1HF6hhy/it/u=2874028540,3321913512&fm=27&gp=0.jpg"},
{"hoverUrl": "https://ss1.bdstatic.com/70cFvXSh_Q1YnxGkpoWK1HF6hhy/it/u=1398816797,2670397280&fm=27&gp=0.jpg", "thumbUrl": "https://ss1.bdstatic.com/70cFvXSh_Q1YnxGkpoWK1HF6hhy/it/u=1398816797,2670397280&fm=27&gp=0.jpg"},
{"hoverUrl": "https://ss1.bdstatic.com/70cFuXSh_Q1YnxGkpoWK1HF6hhy/it/u=1215093746,4260201811&fm=27&gp=0.jpg", "thumbUrl": "https://ss1.bdstatic.com/70cFuXSh_Q1YnxGkpoWK1HF6hhy/it/u=1215093746,4260201811&fm=27&gp=0.jpg"},
{"hoverUrl": "https://ss2.bdstatic.com/70cFvnSh_Q1YnxGkpoWK1HF6hhy/it/u=150941992,3456797926&fm=27&gp=0.jpg", "thumbUrl": "https://ss2.bdstatic.com/70cFvnSh_Q1YnxGkpoWK1HF6hhy/it/u=150941992,3456797926&fm=27&gp=0.jpg"}
]